[
  {
    "session_id": "db01feb0-5900-4f36-a69e-cb03aca95525",
    "timestamp": "2025-12-01T22:04:07.520328",
    "department": "DEPARTMENT OF COMPUTER SCIENCE AND ENGINEERING",
    "month": "AUGUST",
    "year": "2024",
    "volume": "Volume 2",
    "issue": "Issue 1",
    "title": "AUGUST 2024 Newsletter"
  },
  {
    "session_id": "d2609963-a9c9-4f37-b4c5-18b366fc506d",
    "timestamp": "2025-12-01T22:13:04.512089",
    "department": "DEPARTMENT OF COMPUTER SCIENCE AND ENGINEERING",
    "month": "AUGUST",
    "year": "2024",
    "volume": "Volume 2",
    "issue": "Issue 1",
    "title": "AUGUST 2024 Newsletter"
  },
  {
    "session_id": "de1804b9-095f-4b28-8011-e2fb98376c91",
    "timestamp": "2025-12-01T22:16:56.991960",
    "department": "DEPARTMENT OF COMPUTER SCIENCE AND ENGINEERING",
    "month": "AUGUST",
    "year": "2024",
    "volume": "Volume 2",
    "issue": "Issue 1",
    "title": "AUGUST 2024 Newsletter"
  },
  {
    "session_id": "918a2ba9-3438-4441-87e0-61e1b4bb637b",
    "timestamp": "2025-12-01T22:19:21.059743",
    "department": "DEPARTMENT OF COMPUTER SCIENCE AND ENGINEERING",
    "month": "AUGUST",
    "year": "2024",
    "volume": "Volume 2",
    "issue": "Issue 1",
    "title": "AUGUST 2024 Newsletter"
  },
  {
    "session_id": "6a2dd31b-d4f5-49fb-bf5a-eaf5e4fdf9c1",
    "timestamp": "2025-12-01T22:21:36.010677",
    "department": "DEPARTMENT OF COMPUTER SCIENCE AND ENGINEERING",
    "month": "AUGUST",
    "year": "2024",
    "volume": "Volume 2",
    "issue": "Issue 1",
    "title": "AUGUST 2024 Newsletter"
  },
  {
    "session_id": "b68d15ad-227e-4ffc-af0a-f4041534b398",
    "timestamp": "2025-12-01T22:23:51.882941",
    "department": "DEPARTMENT OF COMPUTER SCIENCE AND ENGINEERING",
    "month": "AUGUST",
    "year": "2024",
    "volume": "Volume 2",
    "issue": "Issue 1",
    "title": "AUGUST 2024 Newsletter"
  },
  {
    "session_id": "045a601e-79d8-4f42-b8b2-e157cd4c50ce",
    "timestamp": "2025-12-01T22:25:04.364766",
    "department": "DEPARTMENT OF COMPUTER SCIENCE AND ENGINEERING",
    "month": "AUGUST",
    "year": "2024",
    "volume": "Volume 2",
    "issue": "Issue 1",
    "title": "AUGUST 2024 Newsletter"
  },
  {
    "session_id": "37003693-8c61-4a27-8749-c837a0d2398d",
    "timestamp": "2025-12-01T22:29:58.495172",
    "department": "DEPARTMENT OF COMPUTER SCIENCE AND ENGINEERING",
    "month": "AUGUST",
    "year": "2024",
    "volume": "Volume 2",
    "issue": "Issue 1",
    "title": "AUGUST 2024 Newsletter"
  },
  {
    "session_id": "2e094ed7-7efa-4a14-a0e8-9c142de05f49",
    "timestamp": "2025-12-01T22:33:15.870508",
    "department": "DEPARTMENT OF COMPUTER SCIENCE AND ENGINEERING",
    "month": "AUGUST",
    "year": "2024",
    "volume": "Volume 2",
    "issue": "Issue 1",
    "title": "AUGUST 2024 Newsletter"
  },
  {
    "session_id": "63ad7f10-7db5-42e3-a00d-d5017024ba89",
    "timestamp": "2025-12-01T22:36:03.571187",
    "department": "DEPARTMENT OF COMPUTER SCIENCE AND ENGINEERING",
    "month": "AUGUST",
    "year": "2024",
    "volume": "Volume 2",
    "issue": "Issue 1",
    "title": "AUGUST 2024 Newsletter"
  },
  {
    "session_id": "e5e0f055-bbd4-4faf-bb4b-a0cc4506643c",
    "timestamp": "2025-12-01T22:39:08.605620",
    "department": "DEPARTMENT OF COMPUTER SCIENCE AND ENGINEERING",
    "month": "AUGUST",
    "year": "2024",
    "volume": "Volume 2",
    "issue": "Issue 1",
    "title": "AUGUST 2024 Newsletter"
  },
  {
    "session_id": "27d24d39-e970-48ce-8436-a35e8b91520e",
    "timestamp": "2025-12-01T22:42:04.282240",
    "department": "DEPARTMENT OF COMPUTER SCIENCE AND ENGINEERING",
    "month": "AUGUST",
    "year": "2024",
    "volume": "Volume 2",
    "issue": "Issue 1",
    "title": "AUGUST 2024 Newsletter"
  },
  {
    "session_id": "0023eae8-da4d-4f6d-9654-5ea42f3e6b6e",
    "timestamp": "2025-12-01T22:44:11.629297",
    "department": "DEPARTMENT OF COMPUTER SCIENCE AND ENGINEERING",
    "month": "AUGUST",
    "year": "2024",
    "volume": "Volume 2",
    "issue": "Issue 1",
    "title": "AUGUST 2024 Newsletter"
  },
  {
    "session_id": "2953443f-9196-445e-98d8-8158a2961f20",
    "timestamp": "2025-12-01T22:47:07.576308",
    "department": "DEPARTMENT OF COMPUTER SCIENCE AND ENGINEERING",
    "month": "AUGUST",
    "year": "2024",
    "volume": "Volume 2",
    "issue": "Issue 1",
    "title": "AUGUST 2024 Newsletter"
  },
  {
    "session_id": "3a14bab8-df0e-4517-be74-d3785d5768b4",
    "timestamp": "2025-12-01T22:50:03.831582",
    "department": "DEPARTMENT OF COMPUTER SCIENCE AND ENGINEERING",
    "month": "AUGUST",
    "year": "2024",
    "volume": "Volume 2",
    "issue": "Issue 1",
    "title": "AUGUST 2024 Newsletter"
  },
  {
    "session_id": "ab39371f-910d-4d88-856c-6a33cca45266",
    "timestamp": "2025-12-01T22:52:24.155114",
    "department": "DEPARTMENT OF COMPUTER SCIENCE AND ENGINEERING",
    "month": "AUGUST",
    "year": "2024",
    "volume": "Volume 2",
    "issue": "Issue 1",
    "title": "AUGUST 2024 Newsletter"
  },
  {
    "session_id": "c11fa03f-f140-4f05-91b1-7a35be1a078a",
    "timestamp": "2025-12-01T22:54:33.745518",
    "department": "DEPARTMENT OF COMPUTER SCIENCE AND ENGINEERING",
    "month": "AUGUST",
    "year": "2024",
    "volume": "Volume 2",
    "issue": "Issue 1",
    "title": "AUGUST 2024 Newsletter"
  },
  {
    "session_id": "01c1c6ad-999d-46aa-b497-cd223c2cba91",
    "timestamp": "2025-12-01T22:56:08.429699",
    "department": "DEPARTMENT OF COMPUTER SCIENCE AND ENGINEERING",
    "month": "AUGUST",
    "year": "2024",
    "volume": "Volume 2",
    "issue": "Issue 1",
    "title": "AUGUST 2024 Newsletter"
  },
  {
    "session_id": "429ca7e2-196c-440c-966c-0b53c526b346",
    "timestamp": "2025-12-01T22:59:22.421038",
    "department": "DEPARTMENT OF COMPUTER SCIENCE AND ENGINEERING",
    "month": "AUGUST",
    "year": "2024",
    "volume": "Volume 2",
    "issue": "Issue 1",
    "title": "AUGUST 2024 Newsletter"
  },
  {
    "session_id": "92ea351d-b75a-4f3f-978b-ee9790e01340",
    "timestamp": "2025-12-01T23:02:21.995688",
    "department": "DEPARTMENT OF COMPUTER SCIENCE AND ENGINEERING",
    "month": "AUGUST",
    "year": "2024",
    "volume": "Volume 2",
    "issue": "Issue 1",
    "title": "AUGUST 2024 Newsletter"
  },
  {
    "session_id": "99bf1f26-9c8b-4e29-97db-3b870b25e8cc",
    "timestamp": "2025-12-04T10:36:26.415049",
    "department": "DEPARTMENT OF COMPUTER SCIENCE AND ENGINEERING",
    "month": "AUGUST",
    "year": "2024",
    "volume": "Volume 2",
    "issue": "Issue 1",
    "title": "AUGUST 2024 Newsletter"
  },
  {
    "session_id": "633bc8ed-de5a-4ead-8b41-c0e42db6840d",
    "timestamp": "2025-12-04T10:37:52.094570",
    "department": "DEPARTMENT OF COMPUTER SCIENCE AND ENGINEERING",
    "month": "AUGUST",
    "year": "2024",
    "volume": "Volume 2",
    "issue": "Issue 1",
    "title": "AUGUST 2024 Newsletter"
  },
  {
    "session_id": "623ef545-7e36-4840-93f7-79effa3b9a67",
    "timestamp": "2025-12-04T10:46:11.797138",
    "department": "DEPARTMENT OF COMPUTER SCIENCE AND ENGINEERING",
    "month": "AUGUST",
    "year": "2024",
    "volume": "Volume 2",
    "issue": "Issue 1",
    "title": "AUGUST 2024 Newsletter"
  },
  {
    "session_id": "9614243c-34d9-4eeb-bb9b-e8df9b2854c2",
    "timestamp": "2025-12-04T10:46:25.861206",
    "department": "DEPARTMENT OF COMPUTER SCIENCE AND ENGINEERING",
    "month": "AUGUST",
    "year": "2024",
    "volume": "Volume 2",
    "issue": "Issue 1",
    "title": "AUGUST 2024 Newsletter"
  },
  {
    "session_id": "3c4f1780-43d7-45c4-9a9a-53c3039f5333",
    "timestamp": "2025-12-04T10:49:05.491799",
    "department": "DEPARTMENT OF COMPUTER SCIENCE AND ENGINEERING",
    "month": "AUGUST",
    "year": "2024",
    "volume": "Volume 2",
    "issue": "Issue 1",
    "title": "AUGUST 2024 Newsletter"
  },
  {
    "session_id": "621ceb57-fe84-41c3-9eb7-8236548fdad6",
    "timestamp": "2025-12-04T10:51:13.569124",
    "department": "DEPARTMENT OF COMPUTER SCIENCE AND ENGINEERING",
    "month": "AUGUST",
    "year": "2024",
    "volume": "Volume 2",
    "issue": "Issue 1",
    "title": "AUGUST 2024 Newsletter"
  },
  {
    "session_id": "5599158d-af1d-4da8-ac7a-c47f956aa8fc",
    "timestamp": "2025-12-13T05:53:01.939476",
    "department": "DEPARTMENT OF COMPUTER SCIENCE AND ENGINEERING",
    "month": "AUGUST",
    "year": "2024",
    "volume": "Volume 2",
    "issue": "Issue 1",
    "title": "AUGUST 2024 Newsletter"
  },
  {
    "session_id": "a6cabe13-3dfc-40e4-b078-f3a0350a12ae",
    "timestamp": "2025-12-13T05:54:40.759541",
    "department": "DEPARTMENT OF COMPUTER SCIENCE AND ENGINEERING",
    "month": "AUGUST",
    "year": "2024",
    "volume": "Volume 2",
    "issue": "Issue 1",
    "title": "AUGUST 2024 Newsletter"
  },
  {
    "session_id": "3f49f4a1-cdf9-4fe2-a232-d932020daa8d",
    "timestamp": "2025-12-15T05:04:45.311850",
    "department": "DEPARTMENT OF COMPUTER SCIENCE AND ENGINEERING",
    "month": "AUGUST",
    "year": "2024",
    "volume": "Volume 2",
    "issue": "Issue 1",
    "title": "AUGUST 2024 Newsletter"
  },
  {
    "session_id": "a3a26021-3d39-4887-ab87-e73553b3c088",
    "timestamp": "2025-12-15T05:06:03.825610",
    "department": "DEPARTMENT OF COMPUTER SCIENCE AND ENGINEERING",
    "month": "AUGUST",
    "year": "2024",
    "volume": "Volume 2",
    "issue": "Issue 1",
    "title": "AUGUST 2024 Newsletter"
  },
  {
    "session_id": "d4641687-3259-45e3-8c23-7a36cb1253e4",
    "timestamp": "2025-12-15T05:07:06.630088",
    "department": "DEPARTMENT OF COMPUTER SCIENCE AND ENGINEERING",
    "month": "AUGUST",
    "year": "2024",
    "volume": "Volume 2",
    "issue": "Issue 1",
    "title": "AUGUST 2024 Newsletter"
  }
]